[object HTMLInputElement],0.35390000000596045
Mira,0.38379999999701975
Myra,0.4775999999940395
saroj,0.4465
Ranginee,0.38629999999701975
Harry,0.364
Potter,26.578
syria,0.9642999999970198
